<?xml version='1.0' encoding='utf-8' standalone='yes' ?>
<map>
    <string name="open_id">86427700516226344</string>
    <int name="ping" value="-1" />
    <int name="port5" value="80" />
    <int name="port6" value="80" />
    <boolean name="login" value="true" />
    <int name="port3" value="80" />
    <int name="battery" value="-1" />
    <int name="port4" value="80" />
    <int name="port1" value="80" />
    <int name="fcntx0" value="-1" />
    <int name="port2" value="80" />
    <int name="frequency" value="-1" />
    <int name="netflow" value="-1" />
    <int name="mem" value="-1" />
    <int name="c_errno" value="-1" />
    <int name="errno" value="0" />
    <int name="wifi" value="-1" />
    <int name="fps" value="-1" />
    <string name="domain2">www.youtube.com</string>
    <boolean name="pay" value="false" />
    <int name="cpu" value="-1" />
    <string name="domain3">www.facebook</string>
    <string name="errmsg">success</string>
    <string name="domain1">www.google.com</string>
    <int name="fps_cycle" value="-1" />
    <int name="0" value="-1" />
    <int name="pcntx00" value="-1" />
    <string name="domain6">www.live.com</string>
    <string name="domain4">www.amazon.com</string>
    <int name="domain" value="0" />
    <string name="domain5">www.twitter.com</string>
    <int name="sport" value="-1" />
</map>
